refund,-1.0
waste,-1.0
apart,-1.0
customer,-1.0
returned,-1.0
disappointed,-1.0
making,-1.0
return,-1.0
company,-1.0
package,-1.0
barely,-1.0
money,-1.0
unless,-1.0
ripped,-1.0
cheap,-1.0
dockers,-1.0
wrong,-1.0
returning,-1.0
seller,-1.0
later,-1.0
unfortunately,-1.0
picture,-1.0
weeks,-1.0
within,-1.0
started,-1.0
month,-1.0
completely,-1.0
original,-1.0
looked,-1.0
guess,-1.0
uncomfortable,-1.0
tried,-1.0
three,-1.0
sized,-1.0
opened,-1.0
shipping,-1.0
close,-1.0
products,-1.0
least,-1.0
description,-1.0
seemed,-1.0
plastic,-1.0
never,-1.0
elastic,-1.0
inches,-1.0
received,-1.0
maybe,-1.0
correct,-1.0
already,-1.0
stiff,-1.0
point,-1.0
reviews,-1.0
reason,-1.0
coming,-1.0
instead,-1.0
smaller,-1.0
cotton,-1.0
zipper,-1.0
photo,-1.0
anything,-1.0
someone,-1.0
scratchy,-1.0
seams,-1.0
short,-1.0
another,-1.0
chest,-1.0
months,-1.0
sides,-1.0
review,-1.0
might,-1.0
nothing,-1.0
shorter,-1.0
pairs,-1.0
think,-1.0
second,-1.0
sleeves,-1.0
material,-1.0
going,-1.0
based,-1.0
shirts,-1.0
could,-1.0
tight,-1.0
small,-1.0
sizes,-1.0
waist,-1.0
ordered,-1.0
times,-1.0
several,-1.0
store,-1.0
different,-1.0
worth,-1.0
service,-1.0
rather,-1.0
items,-1.0
thought,-1.0
compared,-1.0
trying,-1.0
problem,-1.0
product,-1.0
expensive,-1.0
collar,-1.0
however,-1.0
would,-1.0
bottom,-1.0
shipped,-1.0
shape,-1.0
person,-1.0
washed,-1.0
either,-1.0
amazon,-1.0
tighter,-1.0
costume,-1.0
large,-1.0
cloth,-1.0
breasts,-1.0
thing,-1.0
wears,-1.0
order,-1.0
fabric,-1.0
issue,-1.0
suggest,-1.0
brand,-1.0
buying,-1.0
expecting,-1.0
design,-1.0
loose,-1.0
something,-1.0
surprised,-1.0
sizing,-1.0
expected,-1.0
hoping,-1.0
piece,-1.0
white,-1.0
since,-1.0
button,-1.0
others,-1.0
shirt,-1.0
probably,-1.0
first,-1.0
strap,-1.0
women,-1.0
support,-1.0
seems,-1.0
shoulders,-1.0
although,-1.0
inside,-1.0
finally,-1.0
almost,-1.0
better,-1.0
packaging,-1.0
bought,-1.0
actually,-1.0
wearing,-1.0
larger,-1.0
stretch,-1.0
medium,-1.0
around,-1.0
though,-1.0
expect,-1.0
woman,-1.0
purchased,-1.0
decent,-1.0
purchase,-1.0
dress,-1.0
extremely,-1.0
longer,-1.0
right,-1.0
problems,-1.0
ended,-1.0
stitching,-1.0
pretty,-1.0
along,0.0
clothing,1.0
really,1.0
still,1.0
decided,1.0
difficult,1.0
anyone,1.0
somewhat,1.0
looking,1.0
normal,1.0
bigger,1.0
socks,1.0
thinner,1.0
people,1.0
years,1.0
fitting,1.0
shorts,1.0
every,1.0
getting,1.0
front,1.0
things,1.0
looks,1.0
arrived,1.0
straps,1.0
quite,1.0
couple,1.0
wallet,1.0
quality,1.0
found,1.0
jeans,1.0
style,1.0
daughter,1.0
otherwise,1.0
without,1.0
wanted,1.0
stars,1.0
everything,1.0
normally,1.0
extra,1.0
washing,1.0
water,1.0
especially,1.0
pants,1.0
feels,1.0
pocket,1.0
ordering,1.0
overall,1.0
clothes,1.0
liked,1.0
usually,1.0
makes,1.0
easily,1.0
always,1.0
fairly,1.0
quickly,1.0
denim,1.0
available,1.0
jacket,1.0
baggy,1.0
sports,1.0
washes,1.0
supportive,1.0
enough,1.0
needed,1.0
length,1.0
comfort,1.0
light,1.0
complaint,1.0
needs,1.0
owned,1.0
comfy,1.0
shoulder,1.0
shrink,1.0
super,1.0
definitely,1.0
black,1.0
recommend,1.0
regular,1.0
slightly,1.0
little,1.0
thick,1.0
price,1.0
running,1.0
using,1.0
weight,1.0
place,1.0
carry,1.0
comes,1.0
gives,1.0
perfectly,1.0
summer,1.0
husband,1.0
pockets,1.0
sometimes,1.0
satisfied,1.0
loved,1.0
works,1.0
heavy,1.0
school,1.0
holds,1.0
casual,1.0
happy,1.0
stores,1.0
backpack,1.0
comfortable,1.0
great,1.0
finding,1.0
value,1.0
nicely,1.0
pleased,1.0
sturdy,1.0
working,1.0
durable,1.0
perfect,1.0
exactly,1.0
excellent,1.0
loves,1.0
highly,1.0
